<?xml version="1.0"?>
<doc>
    <assembly>
        <name>Windows.Devices.Adc</name>
    </assembly>
    <members>
        <member name="T:Windows.Devices.Adc.AdcChannel">
            <summary>
            Represents a single ADC channel.
            </summary>
        </member>
        <member name="P:Windows.Devices.Adc.AdcChannel.Controller">
            <summary>
            Gets the ADC controller for this channel.
            </summary>
            <value>
            The ADC controller.
            </value>
        </member>
        <member name="M:Windows.Devices.Adc.AdcChannel.ReadRatio">
            <summary>
            Reads the value as a percentage of the max value possible for this controller.
            </summary>
            <returns>
            The value as percentage of the max value.
            </returns>
        </member>
        <member name="M:Windows.Devices.Adc.AdcChannel.ReadValue">
            <summary>
            Reads the digital representation of the analog value from the ADC.
            </summary>
            <returns>
            The digital value.
            </returns>
        </member>
        <member name="M:Windows.Devices.Adc.AdcChannel.Dispose">
            <summary>
            Performs application-defined tasks associated with freeing, releasing, or resetting unmanaged resources.
            </summary>
        </member>
        <member name="T:Windows.Devices.Adc.AdcChannelMode">
            <summary>
            Describes the channel modes that the ADC controller can use for input.
            </summary>
        </member>
        <member name="F:Windows.Devices.Adc.AdcChannelMode.SingleEnded">
            <summary>
            Simple value of a particular pin.
            </summary>
        </member>
        <member name="F:Windows.Devices.Adc.AdcChannelMode.Differential">
            <summary>
            Difference between two pins.
            </summary>
        </member>
        <member name="T:Windows.Devices.Adc.AdcController">
            <summary>
            Represents an ADC controller on the system
            </summary>
        </member>
        <member name="P:Windows.Devices.Adc.AdcController.DeviceCollection">
            <summary>
            Device collection associated with this <see cref="T:Windows.Devices.Adc.AdcController"/>.
            </summary>
            <remarks>
            This collection is for internal use only.
            </remarks>
        </member>
        <member name="P:Windows.Devices.Adc.AdcController.ChannelCount">
            <summary>
            The number of channels available on the ADC controller.
            </summary>
            <value>
            Number of channels.
            </value>
        </member>
        <member name="P:Windows.Devices.Adc.AdcController.ChannelMode">
            <summary>
            Gets or sets the channel mode for the ADC controller.
            </summary>
            <value>
            The ADC channel mode.
            </value>
        </member>
        <member name="P:Windows.Devices.Adc.AdcController.MaxValue">
            <summary>
            Gets the maximum value that the controller can report.
            </summary>
            <value>
            The maximum value.
            </value>
        </member>
        <member name="P:Windows.Devices.Adc.AdcController.MinValue">
            <summary>
            The minimum value the controller can report.
            </summary>
            <value>
            The minimum value.
            </value>
        </member>
        <member name="P:Windows.Devices.Adc.AdcController.ResolutionInBits">
            <summary>
            Gets the resolution of the controller as number of bits it has. For example, if we have a 10-bit ADC, that means it can detect 1024 (2^10) discrete levels.
            </summary>
            <value>
            The number of bits the ADC controller has.
            </value>
        </member>
        <member name="M:Windows.Devices.Adc.AdcController.GetDefault">
            <summary>
            Gets the default ADC controller on the system. 
            </summary>
            <returns>
            The default ADC controller on the system, or null if the system has no ADC controller.
            </returns>
        </member>
        <member name="M:Windows.Devices.Adc.AdcController.IsChannelModeSupported(Windows.Devices.Adc.AdcChannelMode)">
            <summary>
            Verifies that the specified channel mode is supported by the controller.
            </summary>
            <param name="channelMode">
            The channel mode.
            </param>
            <returns>
            True if the specified channel mode is supported, otherwise false.
            </returns>
        </member>
        <member name="M:Windows.Devices.Adc.AdcController.OpenChannel(System.Int32)">
            <summary>
            Opens a connection to the specified ADC channel.
            </summary>
            <param name="channelNumber">
            The channel to connect to.
            </param>
            <returns>
            The ADC channel.
            </returns>
        </member>
        <member name="M:Windows.Devices.Adc.AdcController.GetDeviceSelector">
            <summary>
            Retrieves an string of all the ADC controllers on the system. 
            </summary>
            <returns></returns>
        </member>
        <member name="P:Windows.Devices.Adc.AdcControllerManager.ControllersCollection">
            <summary>
            <see cref="T:Windows.Devices.Adc.AdcController"/> collection.
            </summary>
            <remarks>
            This collection is for internal use only.
            </remarks>
        </member>
    </members>
</doc>
